{
  "global": [
    {
      "context": {
        "signer": {
          "app": {
            "name": "Connect",
            "key": "did:key:zDnaeqEsC8MYUXmQzTj97rgo9PQzJBjn6qdXPUbuetcRWZUte"
          },
          "user": {
            "address": "0x04fFB597cb8A201D48Df806040f20c81be18aB6e",
            "networkId": "eip155",
            "chainId": 1
          },
          "signatures": [
            [
              "1733915546",
              "did:key:zDnaeqEsC8MYUXmQzTj97rgo9PQzJBjn6qdXPUbuetcRWZUte",
              "BSlfNW2xLS01tHEBEjzd91lVteQ=",
              "",
              "0x9fec0ac8bb05462b7fa78b0b83b0e12500a4dc7599e1f1c263c419b19498dd963c6e7705fd1fa5c6ca6753bb1e02946ec4aa6fcffedaeb78ea2c460552288497"
            ]
          ]
        }
      },
      "type": "SET_MODEL_NAME",
      "input": {
        "name": "atlas-article"
      },
      "scope": "global",
      "id": "bb682a4d-c9ed-479f-972f-6c0c9efb60a5",
      "index": 0,
      "timestamp": "2024-12-11T11:12:25.852Z",
      "hash": "ykoOipsikZ1j/NOIz0oFrXJtt2E=",
      "skip": 0
    },
    {
      "context": {
        "signer": {
          "app": {
            "name": "Connect",
            "key": "did:key:zDnaeqEsC8MYUXmQzTj97rgo9PQzJBjn6qdXPUbuetcRWZUte"
          },
          "user": {
            "address": "0x04fFB597cb8A201D48Df806040f20c81be18aB6e",
            "networkId": "eip155",
            "chainId": 1
          },
          "signatures": [
            [
              "1733915546",
              "did:key:zDnaeqEsC8MYUXmQzTj97rgo9PQzJBjn6qdXPUbuetcRWZUte",
              "0kOEzqWOtNQubdctlEWEKgVeSqk=",
              "ykoOipsikZ1j/NOIz0oFrXJtt2E=",
              "0x838a4dd1d472fddd122582fa7b0ebd53262c8ba60e6d3ad9d5fb359bd5b1d6a1cbb5ea1f2f86c16a9954c2a9ecda2cbccd6a1093ed5e1be56af04d9bfed21731"
            ]
          ]
        }
      },
      "type": "SET_STATE_SCHEMA",
      "input": {
        "schema": "type AtlasArticleState {\n  \"Add your global state fields here\"\n  _placeholder: String\n}",
        "scope": "global"
      },
      "scope": "global",
      "id": "ec5ef3a1-6bb8-4244-be51-76acfdb04ac4",
      "index": 1,
      "timestamp": "2024-12-11T11:12:25.854Z",
      "hash": "wjuIzKRr4BkosXBxYSPehoiCYOY=",
      "skip": 0
    },
    {
      "context": {
        "signer": {
          "app": {
            "name": "Connect",
            "key": "did:key:zDnaeqEsC8MYUXmQzTj97rgo9PQzJBjn6qdXPUbuetcRWZUte"
          },
          "user": {
            "address": "0x04fFB597cb8A201D48Df806040f20c81be18aB6e",
            "networkId": "eip155",
            "chainId": 1
          },
          "signatures": [
            [
              "1733915578",
              "did:key:zDnaeqEsC8MYUXmQzTj97rgo9PQzJBjn6qdXPUbuetcRWZUte",
              "DDEaTQ5AMZXNJFvyxoBHHKONRmc=",
              "wjuIzKRr4BkosXBxYSPehoiCYOY=",
              "0xb7d4fe44c186dbecf1364654e5afda067a746ca9c7a43db8c0f8abcffbefb546021413a5b22d533b2a1a7463b43232ba2704eae4b6c50979eb6299a81a97fd49"
            ]
          ]
        }
      },
      "type": "SET_MODEL_ID",
      "input": {
        "id": "powerhouse/atlas-article"
      },
      "scope": "global",
      "id": "b2406eb1-e3db-45fe-b16f-22fae6ad1b09",
      "index": 2,
      "timestamp": "2024-12-11T11:12:57.638Z",
      "hash": "cDXZmQTyA6QBL23fO5X/uM9yrfI=",
      "skip": 0
    },
    {
      "context": {
        "signer": {
          "app": {
            "name": "Connect",
            "key": "did:key:zDnaeqEsC8MYUXmQzTj97rgo9PQzJBjn6qdXPUbuetcRWZUte"
          },
          "user": {
            "address": "0x04fFB597cb8A201D48Df806040f20c81be18aB6e",
            "networkId": "eip155",
            "chainId": 1
          },
          "signatures": [
            [
              "1733915580",
              "did:key:zDnaeqEsC8MYUXmQzTj97rgo9PQzJBjn6qdXPUbuetcRWZUte",
              "530bNk/NlSczjTWLCKvVlkuhg5o=",
              "cDXZmQTyA6QBL23fO5X/uM9yrfI=",
              "0x07d494f1a2591d6714c568c718b6d0a865ef234a8f25d0ff88d686d6ad45b06ffd7fe407c8646494db4e19dc01e1990dae3e028d5da388908fb7d7888e78b60e"
            ]
          ]
        }
      },
      "type": "SET_STATE_SCHEMA",
      "input": {
        "schema": "",
        "scope": "global"
      },
      "scope": "global",
      "id": "4ce40222-564c-439f-9d02-431ce1f069c6",
      "index": 3,
      "timestamp": "2024-12-11T11:12:59.725Z",
      "hash": "DQJnULZ2UkmTA84VIuQG0quT1k4=",
      "skip": 0
    },
    {
      "context": {
        "signer": {
          "app": {
            "name": "Connect",
            "key": "did:key:zDnaeqEsC8MYUXmQzTj97rgo9PQzJBjn6qdXPUbuetcRWZUte"
          },
          "user": {
            "address": "0x04fFB597cb8A201D48Df806040f20c81be18aB6e",
            "networkId": "eip155",
            "chainId": 1
          },
          "signatures": [
            [
              "1733915585",
              "did:key:zDnaeqEsC8MYUXmQzTj97rgo9PQzJBjn6qdXPUbuetcRWZUte",
              "p6GS+vKdw4U66fNVJgmiqiwO5/g=",
              "DQJnULZ2UkmTA84VIuQG0quT1k4=",
              "0x9297f921fadc0421ec62015dcce8f5add51a2b3433485df5ef865e963a4a663239d12333b38495e342e2ff02de0dcc5df6a8cd8f58b76d15271fd29a9bc1835e"
            ]
          ]
        }
      },
      "type": "SET_STATE_SCHEMA",
      "input": {
        "schema": "# Articles hold sections and primary docs\n\ntype ArticleState {\n  name: String \n  docNo: String\n  type: AtlasType!\n  parent: PHID! # parent can only be a scope document\n  content: String # change to markdown later (includes links, tables...)\n  masterStatus: Status!\n  globalTags: [GlobalTag!]!\n  references: [PHID!]!\n  originalContextData: [PHID!]!\n  provenance: URL\n  notionId: String # verify if this can be changed to UUID type\n}\n\nenum AtlasType {\nARTICLE\nSECTION\nCORE\nACTIVE_DATA_CONTROLLER\nTENET\nORIGINAL_CONTEXT_DATA\nACTIVE_DATA\n}\n\nenum Status {\n  PLACEHOLDER\n  PROVISIONAL # enables ecosystem participants to interact with the material in a practical context, resulting in valuable feedback or other data concerning the Document's appropriateness.\n  APPROVED # material instance can be integrated into the Atlas\n  DEFERRED\n  ARCHIVED \n}\n\nenum GlobalTag {\n    SCOPE_ADVISOR_,\n    AVC_,\n    CAIS_,\n    ML___LOW_PRIORITY_,\n    EXTERNAL_REFERENCE_,\n    DAO_TOOLKIT_,\n    ML___DEFER_,\n    PURPOSE_SYSTEM_,\n    NEWCHAIN_,\n    ML___SUPPORT._DOCS_NEEDED_,\n    TWO_STAGE_BRIDGE_,\n    ECOSYSTEM_INTELLIGENCE_,\n    RECURSIVE_IMPROVEMENT_,\n    LEGACY_TERM___USE_APPROVED_,\n}\n",
        "scope": "global"
      },
      "scope": "global",
      "id": "5d64f358-5afb-478e-9cdf-b9c01d71d42d",
      "index": 4,
      "timestamp": "2024-12-11T11:13:04.922Z",
      "hash": "IHh02e8EjMWdQPvNLokCU21d9Io=",
      "skip": 0
    },
    {
      "context": {
        "signer": {
          "app": {
            "name": "Connect",
            "key": "did:key:zDnaeqEsC8MYUXmQzTj97rgo9PQzJBjn6qdXPUbuetcRWZUte"
          },
          "user": {
            "address": "0x04fFB597cb8A201D48Df806040f20c81be18aB6e",
            "networkId": "eip155",
            "chainId": 1
          },
          "signatures": [
            [
              "1733915592",
              "did:key:zDnaeqEsC8MYUXmQzTj97rgo9PQzJBjn6qdXPUbuetcRWZUte",
              "MXMAYWR3JsNWgxJ7DuRLqk7jhBo=",
              "IHh02e8EjMWdQPvNLokCU21d9Io=",
              "0xfa889e6657171927f517286d80221c6aa67f655ad5aa07a8a94462404d1827f6c5ff358a216dcebeff4d78a431897d0185fc0546a9024bae7a2057ce3076ae3b"
            ]
          ]
        }
      },
      "type": "SET_STATE_SCHEMA",
      "input": {
        "schema": "# Articles hold sections and primary docs\n\ntype ArticleState {\n  name: String \n  docNo: String\n  type: AtlasType!\n  parent: PHID! # parent can only be a scope document\n  content: String # change to markdown later (includes links, tables...)\n  masterStatus: Status!\n  globalTags: [GlobalTag!]!\n  references: [PHID!]!\n  originalContextData: [PHID!]!\n  provenance: URL\n  notionId: String # verify if this can be changed to UUID type\n}\n\nenum AtlasType {\nARTICLE\nSECTION\nCORE\nACTIVE_DATA_CONTROLLER\nTENET\nORIGINAL_CONTEXT_DATA\nACTIVE_DATA\n}\n\nenum Status {\n  PLACEHOLDER\n  PROVISIONAL # enables ecosystem participants to interact with the material in a practical context, resulting in valuable feedback or other data concerning the Document's appropriateness.\n  APPROVED # material instance can be integrated into the Atlas\n  DEFERRED\n  ARCHIVED \n}\n\nenum GlobalTag {\n    SCOPE_ADVISOR_,\n    AVC_,\n    CAIS_,\n    ML___LOW_PRIORITY_,\n    EXTERNAL_REFERENCE_,\n    DAO_TOOLKIT_,\n    ML___DEFER_,\n    PURPOSE_SYSTEM_,\n    NEWCHAIN_,\n    ML___SUPPORT_DOCS_NEEDED_,\n    TWO_STAGE_BRIDGE_,\n    ECOSYSTEM_INTELLIGENCE_,\n    RECURSIVE_IMPROVEMENT_,\n    LEGACY_TERM___USE_APPROVED_,\n}\n",
        "scope": "global"
      },
      "scope": "global",
      "id": "0b60d398-c15a-435f-8d65-027996c192b4",
      "index": 5,
      "timestamp": "2024-12-11T11:13:12.377Z",
      "hash": "KJOatAN3uY/90JR17E0+1TFuLtE=",
      "skip": 0
    },
    {
      "context": {
        "signer": {
          "app": {
            "name": "Connect",
            "key": "did:key:zDnaeqEsC8MYUXmQzTj97rgo9PQzJBjn6qdXPUbuetcRWZUte"
          },
          "user": {
            "address": "0x04fFB597cb8A201D48Df806040f20c81be18aB6e",
            "networkId": "eip155",
            "chainId": 1
          },
          "signatures": [
            [
              "1733915599",
              "did:key:zDnaeqEsC8MYUXmQzTj97rgo9PQzJBjn6qdXPUbuetcRWZUte",
              "5OQzY+lwub1iRWO6onQKf00H1K4=",
              "KJOatAN3uY/90JR17E0+1TFuLtE=",
              "0x878abe66e0ba7a62d1128f2a7b56811b31a1f8c9591e40d75122fad9514b6b3a9c253d0116c6eae017916db934a973f8937394a211cae5b546d792328b66337e"
            ]
          ]
        }
      },
      "type": "SET_STATE_SCHEMA",
      "input": {
        "schema": "# Articles hold sections and primary docs\n\ntype AtlasArticleState {\n  name: String \n  docNo: String\n  type: AtlasType!\n  parent: PHID! # parent can only be a scope document\n  content: String # change to markdown later (includes links, tables...)\n  masterStatus: Status!\n  globalTags: [GlobalTag!]!\n  references: [PHID!]!\n  originalContextData: [PHID!]!\n  provenance: URL\n  notionId: String # verify if this can be changed to UUID type\n}\n\nenum AtlasType {\nARTICLE\nSECTION\nCORE\nACTIVE_DATA_CONTROLLER\nTENET\nORIGINAL_CONTEXT_DATA\nACTIVE_DATA\n}\n\nenum Status {\n  PLACEHOLDER\n  PROVISIONAL # enables ecosystem participants to interact with the material in a practical context, resulting in valuable feedback or other data concerning the Document's appropriateness.\n  APPROVED # material instance can be integrated into the Atlas\n  DEFERRED\n  ARCHIVED \n}\n\nenum GlobalTag {\n    SCOPE_ADVISOR_,\n    AVC_,\n    CAIS_,\n    ML___LOW_PRIORITY_,\n    EXTERNAL_REFERENCE_,\n    DAO_TOOLKIT_,\n    ML___DEFER_,\n    PURPOSE_SYSTEM_,\n    NEWCHAIN_,\n    ML___SUPPORT_DOCS_NEEDED_,\n    TWO_STAGE_BRIDGE_,\n    ECOSYSTEM_INTELLIGENCE_,\n    RECURSIVE_IMPROVEMENT_,\n    LEGACY_TERM___USE_APPROVED_,\n}\n",
        "scope": "global"
      },
      "scope": "global",
      "id": "5cfdd36b-9386-4da5-aa99-0691247ef724",
      "index": 6,
      "timestamp": "2024-12-11T11:13:18.906Z",
      "hash": "xIY3tHvoQeABVXSBJqL/+qkt2Yk=",
      "skip": 0
    },
    {
      "context": {
        "signer": {
          "app": {
            "name": "Connect",
            "key": "did:key:zDnaeqEsC8MYUXmQzTj97rgo9PQzJBjn6qdXPUbuetcRWZUte"
          },
          "user": {
            "address": "0x04fFB597cb8A201D48Df806040f20c81be18aB6e",
            "networkId": "eip155",
            "chainId": 1
          },
          "signatures": [
            [
              "1733915599",
              "did:key:zDnaeqEsC8MYUXmQzTj97rgo9PQzJBjn6qdXPUbuetcRWZUte",
              "w5ftiIbYsqLaF1hT1XTzPBChDqY=",
              "xIY3tHvoQeABVXSBJqL/+qkt2Yk=",
              "0xd58dbc6352ebf99e06c64f785e5cd87f62fb710d113ae46020877462b8c6cbed4177c48f675cf63fba1c92801300fddc65dfe44d1fe9a8a19dc04e16316c7912"
            ]
          ]
        }
      },
      "type": "SET_INITIAL_STATE",
      "input": {
        "initialValue": "{\n  \"name\": \"\",\n  \"docNo\": \"\",\n  \"type\": \"ARTICLE\",\n  \"parent\": \"\",\n  \"content\": \"\",\n  \"masterStatus\": \"PLACEHOLDER\",\n  \"globalTags\": [],\n  \"references\": [],\n  \"originalContextData\": [],\n  \"provenance\": \"\",\n  \"notionId\": \"\"\n}",
        "scope": "global"
      },
      "scope": "global",
      "id": "0c90620a-c018-4a18-aab9-0de960ef7ea4",
      "index": 7,
      "timestamp": "2024-12-11T11:13:18.996Z",
      "hash": "cTrBNLXykkQgdvvWHU7y7bqRMVw=",
      "skip": 0
    },
    {
      "context": {
        "signer": {
          "app": {
            "name": "Connect",
            "key": "did:key:zDnaeqEsC8MYUXmQzTj97rgo9PQzJBjn6qdXPUbuetcRWZUte"
          },
          "user": {
            "address": "0x04fFB597cb8A201D48Df806040f20c81be18aB6e",
            "networkId": "eip155",
            "chainId": 1
          },
          "signatures": [
            [
              "1733915648",
              "did:key:zDnaeqEsC8MYUXmQzTj97rgo9PQzJBjn6qdXPUbuetcRWZUte",
              "1lvb6EqtAJBqRC779QEcnTO6uQU=",
              "cTrBNLXykkQgdvvWHU7y7bqRMVw=",
              "0xdbb5ed474ae497922fc2e75f41ccad5fdad16dbd63eaac4076ee200846093c6966a71aea077d6e2fd5cf15cea81c207188dd7e77368d40acff9478b72271ce0b"
            ]
          ]
        }
      },
      "type": "ADD_MODULE",
      "input": {
        "id": "THXKMH+rMTFVYACP1MCOK1iqnA4=",
        "name": "article"
      },
      "scope": "global",
      "id": "98a7b1c3-1691-47fe-8859-e4034d709b34",
      "index": 8,
      "timestamp": "2024-12-11T11:14:07.857Z",
      "hash": "b3ppuGIQPBu74bbPtCh7yO17w+w=",
      "skip": 0
    },
    {
      "context": {
        "signer": {
          "app": {
            "name": "Connect",
            "key": "did:key:zDnaeqEsC8MYUXmQzTj97rgo9PQzJBjn6qdXPUbuetcRWZUte"
          },
          "user": {
            "address": "0x04fFB597cb8A201D48Df806040f20c81be18aB6e",
            "networkId": "eip155",
            "chainId": 1
          },
          "signatures": [
            [
              "1733915654",
              "did:key:zDnaeqEsC8MYUXmQzTj97rgo9PQzJBjn6qdXPUbuetcRWZUte",
              "nRomjuU8j1jP5qLI1O3KSLG/lQY=",
              "b3ppuGIQPBu74bbPtCh7yO17w+w=",
              "0x729b42a29f930473aee4e2ca0980bec17efbd725966ed2f5c3bfac927c730de5338a2adcde6eead2a50c9a770b72b2ff3b402c62519ba0af635f52a83d94afe1"
            ]
          ]
        }
      },
      "type": "ADD_OPERATION",
      "input": {
        "id": "ycCu7swYyaeA87LZ56SLKScmcXs=",
        "moduleId": "THXKMH+rMTFVYACP1MCOK1iqnA4=",
        "name": "CREATE_ARTICLE"
      },
      "scope": "global",
      "id": "52a81183-e999-4ec5-a064-65917af92370",
      "index": 9,
      "timestamp": "2024-12-11T11:14:13.536Z",
      "hash": "pihTK+OhkWRLO8AgdpatrQALLgY=",
      "skip": 0
    },
    {
      "context": {
        "signer": {
          "app": {
            "name": "Connect",
            "key": "did:key:zDnaeqEsC8MYUXmQzTj97rgo9PQzJBjn6qdXPUbuetcRWZUte"
          },
          "user": {
            "address": "0x04fFB597cb8A201D48Df806040f20c81be18aB6e",
            "networkId": "eip155",
            "chainId": 1
          },
          "signatures": [
            [
              "1733915654",
              "did:key:zDnaeqEsC8MYUXmQzTj97rgo9PQzJBjn6qdXPUbuetcRWZUte",
              "n8LidSQUglcX6EJgscc2tdDYREE=",
              "pihTK+OhkWRLO8AgdpatrQALLgY=",
              "0x57cb23ecbca405db9bc504a70b09145d36120516bdc6f9bcb866a3fb0805d412c304628e7ab42e4ea6353c4e98aef739cc387de1da66c0552178b009137697b7"
            ]
          ]
        }
      },
      "type": "SET_OPERATION_SCHEMA",
      "input": {
        "id": "ycCu7swYyaeA87LZ56SLKScmcXs=",
        "schema": "input CreateArticleInput {\n  \"Add your inputs here\"\n  _placeholder: String\n}"
      },
      "scope": "global",
      "id": "3e6edc6d-9d03-424d-af77-d4f8a6a62745",
      "index": 10,
      "timestamp": "2024-12-11T11:14:13.545Z",
      "hash": "J0+oRgIuPsjJ8HihDwi6TvkOQ2c=",
      "skip": 0
    },
    {
      "context": {
        "signer": {
          "app": {
            "name": "Connect",
            "key": "did:key:zDnaeqEsC8MYUXmQzTj97rgo9PQzJBjn6qdXPUbuetcRWZUte"
          },
          "user": {
            "address": "0x04fFB597cb8A201D48Df806040f20c81be18aB6e",
            "networkId": "eip155",
            "chainId": 1
          },
          "signatures": [
            [
              "1733915661",
              "did:key:zDnaeqEsC8MYUXmQzTj97rgo9PQzJBjn6qdXPUbuetcRWZUte",
              "ELYllCtxJFp/Wx3dW1Bawoy4nE4=",
              "J0+oRgIuPsjJ8HihDwi6TvkOQ2c=",
              "0x9b4149875c9fd6a321ce09b7c537430465372735dbd03980f64062b1ff5a59f205e44847638e204f6e62689db11bce1fa144cc399b8a5ba16abbd6b528425ecc"
            ]
          ]
        }
      },
      "type": "SET_OPERATION_DESCRIPTION",
      "input": {
        "id": "ycCu7swYyaeA87LZ56SLKScmcXs=",
        "description": "Creates a new Article in the ArticleState. This operation initializes an article with the provided id, name, docNo, content, and other optional fields. It also establishes associations with its parent scope, sections, primary documents, annotations, tenets, and original context data if provided."
      },
      "scope": "global",
      "id": "366f15dd-5452-45cd-ab8d-32e6131fbb76",
      "index": 11,
      "timestamp": "2024-12-11T11:14:20.928Z",
      "hash": "5l8loslva4gtryrg2fK55rfdPzk=",
      "skip": 0
    },
    {
      "context": {
        "signer": {
          "app": {
            "name": "Connect",
            "key": "did:key:zDnaeqEsC8MYUXmQzTj97rgo9PQzJBjn6qdXPUbuetcRWZUte"
          },
          "user": {
            "address": "0x04fFB597cb8A201D48Df806040f20c81be18aB6e",
            "networkId": "eip155",
            "chainId": 1
          },
          "signatures": [
            [
              "1733915673",
              "did:key:zDnaeqEsC8MYUXmQzTj97rgo9PQzJBjn6qdXPUbuetcRWZUte",
              "6NLDAMrKtiHyBHc7lTFYPcVG/vQ=",
              "5l8loslva4gtryrg2fK55rfdPzk=",
              "0x132f8a0e4f0e094da8bbeefc0c3f557b1f3e4f23f412b3bf9ac8082f3722a6609eb9381ee7768a38cc0efc2f44f2c21891687381e2ec5ef5c2912953dcbaf3c6"
            ]
          ]
        }
      },
      "type": "SET_OPERATION_DESCRIPTION",
      "input": {
        "id": "ycCu7swYyaeA87LZ56SLKScmcXs=",
        "description": "Creates a new Article in the ArticleState. "
      },
      "scope": "global",
      "id": "8b61fcdf-cd84-47db-a287-e8dbc6c95b36",
      "index": 12,
      "timestamp": "2024-12-11T11:14:33.061Z",
      "hash": "FOtWaEP9PjEDEAITlry+iuD6FKY=",
      "skip": 0
    },
    {
      "context": {
        "signer": {
          "app": {
            "name": "Connect",
            "key": "did:key:zDnaeqEsC8MYUXmQzTj97rgo9PQzJBjn6qdXPUbuetcRWZUte"
          },
          "user": {
            "address": "0x04fFB597cb8A201D48Df806040f20c81be18aB6e",
            "networkId": "eip155",
            "chainId": 1
          },
          "signatures": [
            [
              "1733915679",
              "did:key:zDnaeqEsC8MYUXmQzTj97rgo9PQzJBjn6qdXPUbuetcRWZUte",
              "oLTWTK0/stRvU3KUqIe8FtTY7Zc=",
              "FOtWaEP9PjEDEAITlry+iuD6FKY=",
              "0x32435f071e6610d1ac216db83c8a338314632c0b2faf34e24df2ae98fcea073b51e807806c1acf270ca0bd4916190d51946e65359a00da8c6d7bcd5111f4789c"
            ]
          ]
        }
      },
      "type": "SET_OPERATION_DESCRIPTION",
      "input": {
        "id": "ycCu7swYyaeA87LZ56SLKScmcXs=",
        "description": "Creates a new Article in the AtlasArticleState. "
      },
      "scope": "global",
      "id": "cf12970a-5f76-491b-b9c7-f05302a4e6f8",
      "index": 13,
      "timestamp": "2024-12-11T11:14:38.988Z",
      "hash": "Fk8yw5tc8jnIB1sk5F/X+8VhEco=",
      "skip": 0
    },
    {
      "context": {
        "signer": {
          "app": {
            "name": "Connect",
            "key": "did:key:zDnaeqEsC8MYUXmQzTj97rgo9PQzJBjn6qdXPUbuetcRWZUte"
          },
          "user": {
            "address": "0x04fFB597cb8A201D48Df806040f20c81be18aB6e",
            "networkId": "eip155",
            "chainId": 1
          },
          "signatures": [
            [
              "1733915686",
              "did:key:zDnaeqEsC8MYUXmQzTj97rgo9PQzJBjn6qdXPUbuetcRWZUte",
              "D9jMLIf9FPZM1sL1eZUUoYaXzZo=",
              "Fk8yw5tc8jnIB1sk5F/X+8VhEco=",
              "0xa36ad61a64119835d6a091f22e44e42d97dd90a4da5f9f380b718c12b70e34445c25b7637b77890b835a4784293b9c3e1a9679ea7262178969246ea007fa690f"
            ]
          ]
        }
      },
      "type": "SET_OPERATION_SCHEMA",
      "input": {
        "id": "ycCu7swYyaeA87LZ56SLKScmcXs=",
        "schema": ""
      },
      "scope": "global",
      "id": "f368628d-0806-4147-bfe0-acbdad001a5d",
      "index": 14,
      "timestamp": "2024-12-11T11:14:45.827Z",
      "hash": "DDXsbBMQCLxM/aROA/q5ysjAX6I=",
      "skip": 0
    },
    {
      "context": {
        "signer": {
          "app": {
            "name": "Connect",
            "key": "did:key:zDnaeqEsC8MYUXmQzTj97rgo9PQzJBjn6qdXPUbuetcRWZUte"
          },
          "user": {
            "address": "0x04fFB597cb8A201D48Df806040f20c81be18aB6e",
            "networkId": "eip155",
            "chainId": 1
          },
          "signatures": [
            [
              "1733915688",
              "did:key:zDnaeqEsC8MYUXmQzTj97rgo9PQzJBjn6qdXPUbuetcRWZUte",
              "iYxhfZCc1gmK1AQ8wDmjw3lQmY0=",
              "DDXsbBMQCLxM/aROA/q5ysjAX6I=",
              "0x6afd7b20edb68844fe6c34a6b2e41adf9a45ba1dcbcdc16c5ad6cc8b72d46d83458a187b1765f556caf9792673698c0dda2dca21dc30941872f0fde9bd5bbeb8"
            ]
          ]
        }
      },
      "type": "SET_OPERATION_SCHEMA",
      "input": {
        "id": "ycCu7swYyaeA87LZ56SLKScmcXs=",
        "schema": ""
      },
      "scope": "global",
      "id": "bde5d224-7d4e-41b8-b764-026b52215e57",
      "index": 15,
      "timestamp": "2024-12-11T11:14:47.912Z",
      "hash": "DDXsbBMQCLxM/aROA/q5ysjAX6I=",
      "skip": 0
    },
    {
      "context": {
        "signer": {
          "app": {
            "name": "Connect",
            "key": "did:key:zDnaeqEsC8MYUXmQzTj97rgo9PQzJBjn6qdXPUbuetcRWZUte"
          },
          "user": {
            "address": "0x04fFB597cb8A201D48Df806040f20c81be18aB6e",
            "networkId": "eip155",
            "chainId": 1
          },
          "signatures": [
            [
              "1733915697",
              "did:key:zDnaeqEsC8MYUXmQzTj97rgo9PQzJBjn6qdXPUbuetcRWZUte",
              "KqfUGFcsJPDADOSRwF+XHlScDAU=",
              "DDXsbBMQCLxM/aROA/q5ysjAX6I=",
              "0x955eda2f45026a01bdacb6b2d5294594e4d70a35b1c2c33bc131132d261ed48050297db65c40c01e0a08995816cc98fc9105fb9466043af27a45a10846994b0f"
            ]
          ]
        }
      },
      "type": "SET_OPERATION_SCHEMA",
      "input": {
        "id": "ycCu7swYyaeA87LZ56SLKScmcXs=",
        "schema": "input CreateArticleInput {\n  id: OID!\n  name: String!\n  docNo: String!\n  content: String\n  globalTags: String\n  masterStatus: MasterStatusInput!\n  parentScope: ScopeRefInput!\n  sections: [SectionRefInput!]\n  primaryDocs: [PrimaryDocRefInput!]\n  annotations: [AnnotationRefInput!]\n  tenets: [TenetRefInput!]\n  originalContextData: [OriginalContextDataRefInput!]\n  contingencies: String\n  internalLink: String\n  provenance: String!\n}\n\ninput MasterStatusInput {\n  id: OID!\n  status: Status!\n}\n\ninput ScopeRefInput {\n  id: OID!\n  name: String!\n}\n\ninput SectionRefInput {\n  id: OID!\n  name: String!\n}\n\ninput PrimaryDocRefInput {\n  id: OID!\n  name: String!\n}\n\ninput AnnotationRefInput {\n  id: OID!\n  name: String!\n}\n\ninput TenetRefInput {\n  id: OID!\n  name: String!\n}\n\ninput OriginalContextDataRefInput {\n  id: OID!\n  name: String!\n}\n"
      },
      "scope": "global",
      "id": "7569f2d4-b4c5-4846-83ef-4f7bd04a12e3",
      "index": 16,
      "timestamp": "2024-12-11T11:14:56.658Z",
      "hash": "mcUXRZ71hgJRyL/fpnBUwmJ69QI=",
      "skip": 0
    },
    {
      "context": {
        "signer": {
          "app": {
            "name": "Connect",
            "key": "did:key:zDnaeqEsC8MYUXmQzTj97rgo9PQzJBjn6qdXPUbuetcRWZUte"
          },
          "user": {
            "address": "0x04fFB597cb8A201D48Df806040f20c81be18aB6e",
            "networkId": "eip155",
            "chainId": 1
          },
          "signatures": [
            [
              "1733915840",
              "did:key:zDnaeqEsC8MYUXmQzTj97rgo9PQzJBjn6qdXPUbuetcRWZUte",
              "28N1ici9s3a5b/Yb5zvkBy6bKy0=",
              "mcUXRZ71hgJRyL/fpnBUwmJ69QI=",
              "0x22eec24465f2f3787529b8e0619393aede474750e79056946b4da24068a20c299304a65cd8de158f8ea07cb497eb3e7c206d7af96083f776ea1f6fdb74b48899"
            ]
          ]
        }
      },
      "type": "SET_OPERATION_SCHEMA",
      "input": {
        "id": "ycCu7swYyaeA87LZ56SLKScmcXs=",
        "schema": "input CreateArticleInput {\n  name: String \n  docNo: String\n  type: AtlasType!\n  parent: PHID! # parent can only be a scope document\n  content: String # change to markdown later (includes links, tables...)\n  masterStatus: Status!\n  globalTags: [GlobalTag!]!\n  references: [PHID!]!\n  originalContextData: [PHID!]!\n  provenance: URL\n  notionId: String # verify if this can be changed to UUID type\n}\n\ninput MasterStatusInput {\n  id: OID!\n  status: Status!\n}\n\ninput ScopeRefInput {\n  id: OID!\n  name: String!\n}\n\ninput SectionRefInput {\n  id: OID!\n  name: String!\n}\n\ninput PrimaryDocRefInput {\n  id: OID!\n  name: String!\n}\n\ninput AnnotationRefInput {\n  id: OID!\n  name: String!\n}\n\ninput TenetRefInput {\n  id: OID!\n  name: String!\n}\n\ninput OriginalContextDataRefInput {\n  id: OID!\n  name: String!\n}\n"
      },
      "scope": "global",
      "id": "55a475cf-6e1e-45a8-aa0f-69f844443fbc",
      "index": 17,
      "timestamp": "2024-12-11T11:17:19.804Z",
      "hash": "v3vGEHf6J4451NRgdQ/zkx52nYQ=",
      "skip": 0
    },
    {
      "context": {
        "signer": {
          "app": {
            "name": "Connect",
            "key": "did:key:zDnaeqEsC8MYUXmQzTj97rgo9PQzJBjn6qdXPUbuetcRWZUte"
          },
          "user": {
            "address": "0x04fFB597cb8A201D48Df806040f20c81be18aB6e",
            "networkId": "eip155",
            "chainId": 1
          },
          "signatures": [
            [
              "1733915870",
              "did:key:zDnaeqEsC8MYUXmQzTj97rgo9PQzJBjn6qdXPUbuetcRWZUte",
              "a+b63PpAK7G2P7Jo9w37gFgVYQ8=",
              "v3vGEHf6J4451NRgdQ/zkx52nYQ=",
              "0x04f5c8c650c51a9859078429819edf6fbbdfc36b6617b6dfe6ce29c5195b0f39ae11b16a4e0312ec0bd6d4b0bafe64d2c5ad9b2c19f79c5069687057e0ca01ac"
            ]
          ]
        }
      },
      "type": "DELETE_OPERATION",
      "input": {
        "id": "ycCu7swYyaeA87LZ56SLKScmcXs="
      },
      "scope": "global",
      "id": "531ccd03-dae3-48d5-be95-53e4bc451fa7",
      "index": 18,
      "timestamp": "2024-12-11T11:17:50.074Z",
      "hash": "b3ppuGIQPBu74bbPtCh7yO17w+w=",
      "skip": 0
    },
    {
      "context": {
        "signer": {
          "app": {
            "name": "Connect",
            "key": "did:key:zDnaeqEsC8MYUXmQzTj97rgo9PQzJBjn6qdXPUbuetcRWZUte"
          },
          "user": {
            "address": "0x04fFB597cb8A201D48Df806040f20c81be18aB6e",
            "networkId": "eip155",
            "chainId": 1
          },
          "signatures": [
            [
              "1733915878",
              "did:key:zDnaeqEsC8MYUXmQzTj97rgo9PQzJBjn6qdXPUbuetcRWZUte",
              "BDzBAPyU0DFj8dGO6J9Jkn2EFYw=",
              "b3ppuGIQPBu74bbPtCh7yO17w+w=",
              "0xdb3771656ff71af0ef628b776ff413ecb5e08e002243994f799a79751a5cc4bd8dcf9ccad17d5bfc004542bd17b03d1009ec48747dfd56ca2d341df219c89c6d"
            ]
          ]
        }
      },
      "type": "ADD_OPERATION",
      "input": {
        "id": "z9UQKN1s753NPXQTW3m3GhhxtHQ=",
        "moduleId": "THXKMH+rMTFVYACP1MCOK1iqnA4=",
        "name": "UPDATE_ARTICLE"
      },
      "scope": "global",
      "id": "42d38859-6797-4b5e-9170-83097e58a01c",
      "index": 19,
      "timestamp": "2024-12-11T11:17:58.458Z",
      "hash": "H+DkMfS/mCZbmmkNG2fxR5ap3Dw=",
      "skip": 0
    },
    {
      "context": {
        "signer": {
          "app": {
            "name": "Connect",
            "key": "did:key:zDnaeqEsC8MYUXmQzTj97rgo9PQzJBjn6qdXPUbuetcRWZUte"
          },
          "user": {
            "address": "0x04fFB597cb8A201D48Df806040f20c81be18aB6e",
            "networkId": "eip155",
            "chainId": 1
          },
          "signatures": [
            [
              "1733915878",
              "did:key:zDnaeqEsC8MYUXmQzTj97rgo9PQzJBjn6qdXPUbuetcRWZUte",
              "108pw9m/ecEEKgwpLSV1/U2cak0=",
              "H+DkMfS/mCZbmmkNG2fxR5ap3Dw=",
              "0xa7bd788e9404cf64442fbfbb7fe4da2651dc5eb3f736f83a4106394466ccc6ad8f32fd9a6eb9d839d8a3e8f774796bf21f4194c58addd6643907f63f8319170f"
            ]
          ]
        }
      },
      "type": "SET_OPERATION_SCHEMA",
      "input": {
        "id": "z9UQKN1s753NPXQTW3m3GhhxtHQ=",
        "schema": "input UpdateArticleInput {\n  \"Add your inputs here\"\n  _placeholder: String\n}"
      },
      "scope": "global",
      "id": "f68c7090-0024-4e3e-a653-7aec607993ce",
      "index": 20,
      "timestamp": "2024-12-11T11:17:58.473Z",
      "hash": "ffDsDpLv7LakOZ8bFV2k2d6fNMc=",
      "skip": 0
    },
    {
      "context": {
        "signer": {
          "app": {
            "name": "Connect",
            "key": "did:key:zDnaeqEsC8MYUXmQzTj97rgo9PQzJBjn6qdXPUbuetcRWZUte"
          },
          "user": {
            "address": "0x04fFB597cb8A201D48Df806040f20c81be18aB6e",
            "networkId": "eip155",
            "chainId": 1
          },
          "signatures": [
            [
              "1733915886",
              "did:key:zDnaeqEsC8MYUXmQzTj97rgo9PQzJBjn6qdXPUbuetcRWZUte",
              "fZSFHMcvJpTlrSOI8593iveUqek=",
              "ffDsDpLv7LakOZ8bFV2k2d6fNMc=",
              "0x31886ba72105d54901f721308f8eaf97b3761b2f988c430fec44df9c72610685281949d8b8e4a11854e551e7ec0355fb2f527ed41a825964b6a595478d03962b"
            ]
          ]
        }
      },
      "type": "SET_OPERATION_DESCRIPTION",
      "input": {
        "id": "z9UQKN1s753NPXQTW3m3GhhxtHQ=",
        "description": "Updates an existing Article in the AtlasArticleState."
      },
      "scope": "global",
      "id": "57d2c72a-35fb-4f4b-85d9-22be70621c27",
      "index": 21,
      "timestamp": "2024-12-11T11:18:05.991Z",
      "hash": "c6KEkoP+KBiLxqAVN/UM2ueJ/98=",
      "skip": 0
    },
    {
      "context": {
        "signer": {
          "app": {
            "name": "Connect",
            "key": "did:key:zDnaeqEsC8MYUXmQzTj97rgo9PQzJBjn6qdXPUbuetcRWZUte"
          },
          "user": {
            "address": "0x04fFB597cb8A201D48Df806040f20c81be18aB6e",
            "networkId": "eip155",
            "chainId": 1
          },
          "signatures": [
            [
              "1733915898",
              "did:key:zDnaeqEsC8MYUXmQzTj97rgo9PQzJBjn6qdXPUbuetcRWZUte",
              "IBW/6kPyWklOCkKBIg/jHP/KmNg=",
              "c6KEkoP+KBiLxqAVN/UM2ueJ/98=",
              "0x2528ca89e99ba522a125d8f7060bb0a9ac4168ca14ea981cb7107497906bfc29e456972cbc9ed6b210d4e73b193082c2a4a1fbced38d532815af48cd085dfe34"
            ]
          ]
        }
      },
      "type": "SET_OPERATION_SCHEMA",
      "input": {
        "id": "z9UQKN1s753NPXQTW3m3GhhxtHQ=",
        "schema": "input UpdateArticleInput {\n  id: OID!\n  name: String\n  docNo: String\n  content: String\n  globalTags: String\n  masterStatus: MasterStatusInput\n  internalLink: URL\n  provenance: URL\n  notionId: String\n}"
      },
      "scope": "global",
      "id": "09795b09-2aeb-462d-b3f3-c79cc89c5a92",
      "index": 22,
      "timestamp": "2024-12-11T11:18:17.612Z",
      "hash": "Sw+0gfowUDVrrcqNr0T3sYzy0O4=",
      "skip": 0
    },
    {
      "context": {
        "signer": {
          "app": {
            "name": "Connect",
            "key": "did:key:zDnaeqEsC8MYUXmQzTj97rgo9PQzJBjn6qdXPUbuetcRWZUte"
          },
          "user": {
            "address": "0x04fFB597cb8A201D48Df806040f20c81be18aB6e",
            "networkId": "eip155",
            "chainId": 1
          },
          "signatures": [
            [
              "1733915909",
              "did:key:zDnaeqEsC8MYUXmQzTj97rgo9PQzJBjn6qdXPUbuetcRWZUte",
              "nG9ZQ+LKZgLI6Cg3dj7f0/ef8WQ=",
              "Sw+0gfowUDVrrcqNr0T3sYzy0O4=",
              "0xff2d25b41f782842546bfaa37dfe548e40bc7b40b967ce071cb3ea8ad300aa8d360b5af0291c53b5a1130c9b4b011ed1b4325614c3746da36aeab9c8e0c6617e"
            ]
          ]
        }
      },
      "type": "SET_OPERATION_SCHEMA",
      "input": {
        "id": "z9UQKN1s753NPXQTW3m3GhhxtHQ=",
        "schema": "input UpdateArticleInput {\n  name: String \n  docNo: String\n  type: AtlasType!\n  parent: PHID! # parent can only be a scope document\n  content: String # change to markdown later (includes links, tables...)\n  masterStatus: Status!\n  globalTags: [GlobalTag!]!\n  references: [PHID!]!\n  originalContextData: [PHID!]!\n  provenance: URL\n  notionId: String # verify if this can be changed to UUID type\n}"
      },
      "scope": "global",
      "id": "4b468047-6d81-4d1b-adb7-54adb9f70396",
      "index": 23,
      "timestamp": "2024-12-11T11:18:29.366Z",
      "hash": "ZYDKdT7fHrDHJDHA+YP0INqElXk=",
      "skip": 0
    },
    {
      "context": {
        "signer": {
          "app": {
            "name": "Connect",
            "key": "did:key:zDnaeqEsC8MYUXmQzTj97rgo9PQzJBjn6qdXPUbuetcRWZUte"
          },
          "user": {
            "address": "0x04fFB597cb8A201D48Df806040f20c81be18aB6e",
            "networkId": "eip155",
            "chainId": 1
          },
          "signatures": [
            [
              "1733915926",
              "did:key:zDnaeqEsC8MYUXmQzTj97rgo9PQzJBjn6qdXPUbuetcRWZUte",
              "6S78EaxAtZPgTFXfiaMPNmo2xSU=",
              "ZYDKdT7fHrDHJDHA+YP0INqElXk=",
              "0x604a4e89b7f4455471bade71ce986b5ae2445bddedae5abf528d3a283089a5ce8eed21bdb404d6cde6feafdd423cb301211bab568e74cbda170cec3a4785dd5d"
            ]
          ]
        }
      },
      "type": "ADD_OPERATION_ERROR",
      "input": {
        "id": "nnNk3sgLAyqAZcrc4VIGAd8y3sY=",
        "operationId": "z9UQKN1s753NPXQTW3m3GhhxtHQ=",
        "errorName": "ArticleNotFoundException"
      },
      "scope": "global",
      "id": "4424c980-98f4-4457-a8a7-56f016138976",
      "index": 24,
      "timestamp": "2024-12-11T11:18:45.922Z",
      "hash": "sill8ZwIS3NnpFbo89XKmkh8JiE=",
      "skip": 0
    },
    {
      "context": {
        "signer": {
          "app": {
            "name": "Connect",
            "key": "did:key:zDnaeqEsC8MYUXmQzTj97rgo9PQzJBjn6qdXPUbuetcRWZUte"
          },
          "user": {
            "address": "0x04fFB597cb8A201D48Df806040f20c81be18aB6e",
            "networkId": "eip155",
            "chainId": 1
          },
          "signatures": [
            [
              "1733915931",
              "did:key:zDnaeqEsC8MYUXmQzTj97rgo9PQzJBjn6qdXPUbuetcRWZUte",
              "XlPnGnj0ewcEATkb1J7tqSNmldk=",
              "sill8ZwIS3NnpFbo89XKmkh8JiE=",
              "0x8a28828f679c9d16c7a66a051c95eb05308dafcd0e8b2d09573e2d3658fc5b34de4ce40fa346457f2190c55112a55263e42dbe43c599a5353a8840a6bbd9b214"
            ]
          ]
        }
      },
      "type": "ADD_OPERATION_ERROR",
      "input": {
        "id": "4MiYrRD/SJrBj6mw8iktKFg390A=",
        "operationId": "z9UQKN1s753NPXQTW3m3GhhxtHQ=",
        "errorName": "InvalidMasterStatusException"
      },
      "scope": "global",
      "id": "b2622755-88fc-4993-bc93-5592eca99540",
      "index": 25,
      "timestamp": "2024-12-11T11:18:51.209Z",
      "hash": "s4KlsliiBsdr2Xnp30vhavxAo4Q=",
      "skip": 0
    },
    {
      "context": {
        "signer": {
          "app": {
            "name": "Connect",
            "key": "did:key:zDnaeqEsC8MYUXmQzTj97rgo9PQzJBjn6qdXPUbuetcRWZUte"
          },
          "user": {
            "address": "0x04fFB597cb8A201D48Df806040f20c81be18aB6e",
            "networkId": "eip155",
            "chainId": 1
          },
          "signatures": [
            [
              "1733915937",
              "did:key:zDnaeqEsC8MYUXmQzTj97rgo9PQzJBjn6qdXPUbuetcRWZUte",
              "BxyN2tPY248vtVSByZjZwzJniwA=",
              "s4KlsliiBsdr2Xnp30vhavxAo4Q=",
              "0x551496377675d4cd2177a3a6c880d1e9cbd0bca42bfccd4490c2559deb9b40c73a15311c86015632aa0f028f0c7d5908b229f9b7b2845a8b58d08f1ff94492e1"
            ]
          ]
        }
      },
      "type": "ADD_OPERATION_ERROR",
      "input": {
        "id": "O3r9PF1w9uTEnXrYKrBHC4kWpTs=",
        "operationId": "z9UQKN1s753NPXQTW3m3GhhxtHQ=",
        "errorName": "InvalidSectionReferencesException"
      },
      "scope": "global",
      "id": "9f2f0eb2-841e-4083-b4cb-76f000e674eb",
      "index": 26,
      "timestamp": "2024-12-11T11:18:56.568Z",
      "hash": "6TQXykiclmjaJaoILpF2mXFLC0A=",
      "skip": 0
    },
    {
      "context": {
        "signer": {
          "app": {
            "name": "Connect",
            "key": "did:key:zDnaeqEsC8MYUXmQzTj97rgo9PQzJBjn6qdXPUbuetcRWZUte"
          },
          "user": {
            "address": "0x04fFB597cb8A201D48Df806040f20c81be18aB6e",
            "networkId": "eip155",
            "chainId": 1
          },
          "signatures": [
            [
              "1733915941",
              "did:key:zDnaeqEsC8MYUXmQzTj97rgo9PQzJBjn6qdXPUbuetcRWZUte",
              "auxKNEg5mc1Lk45gREWsSmT/1OM=",
              "6TQXykiclmjaJaoILpF2mXFLC0A=",
              "0x4e8150894f1cb2e2fae960061a12247c3bf9324ff8fcacddd026f0c90048287dc3c300d7ce73cce83107beb7b63fc10909b1cd3926001090cd3bfc5887af6219"
            ]
          ]
        }
      },
      "type": "ADD_OPERATION_ERROR",
      "input": {
        "id": "dwRuARcV2w5tdL2I9ZTMbNWoll8=",
        "operationId": "z9UQKN1s753NPXQTW3m3GhhxtHQ=",
        "errorName": "InvalidPrimaryDocReferencesException"
      },
      "scope": "global",
      "id": "8047d0fe-c7ce-43da-9b2e-b1fa3075ed77",
      "index": 27,
      "timestamp": "2024-12-11T11:19:00.798Z",
      "hash": "B1ncNe17bwLyeP1CbCBza+hP0KA=",
      "skip": 0
    },
    {
      "context": {
        "signer": {
          "app": {
            "name": "Connect",
            "key": "did:key:zDnaeqEsC8MYUXmQzTj97rgo9PQzJBjn6qdXPUbuetcRWZUte"
          },
          "user": {
            "address": "0x04fFB597cb8A201D48Df806040f20c81be18aB6e",
            "networkId": "eip155",
            "chainId": 1
          },
          "signatures": [
            [
              "1733915945",
              "did:key:zDnaeqEsC8MYUXmQzTj97rgo9PQzJBjn6qdXPUbuetcRWZUte",
              "SYyTojk71vOx93rc5TKQWzWZK1g=",
              "B1ncNe17bwLyeP1CbCBza+hP0KA=",
              "0xc7c051cb76a3eb28a2b7b737f36f66328027a7406a375ba368d31ae4aab5f8879207d215954e1fa5d0df72789c76ba4a4dd04958adcf2a1a1f3d766af1e71fe8"
            ]
          ]
        }
      },
      "type": "ADD_OPERATION_ERROR",
      "input": {
        "id": "TM6CL35N8+BcERkXOQLYZL4l4qE=",
        "operationId": "z9UQKN1s753NPXQTW3m3GhhxtHQ=",
        "errorName": "InvalidAnnotationReferencesException"
      },
      "scope": "global",
      "id": "0b02e9a9-30a1-4de5-a668-ed761ca33fef",
      "index": 28,
      "timestamp": "2024-12-11T11:19:05.020Z",
      "hash": "owCvKy0ARPMPoEz0nZSCEBVpGxs=",
      "skip": 0
    },
    {
      "context": {
        "signer": {
          "app": {
            "name": "Connect",
            "key": "did:key:zDnaeqEsC8MYUXmQzTj97rgo9PQzJBjn6qdXPUbuetcRWZUte"
          },
          "user": {
            "address": "0x04fFB597cb8A201D48Df806040f20c81be18aB6e",
            "networkId": "eip155",
            "chainId": 1
          },
          "signatures": [
            [
              "1733915949",
              "did:key:zDnaeqEsC8MYUXmQzTj97rgo9PQzJBjn6qdXPUbuetcRWZUte",
              "EA6Yde9EAdjfk8KWqe1wUFrfIEw=",
              "owCvKy0ARPMPoEz0nZSCEBVpGxs=",
              "0x3f724aa84dd8ae003bad15c8a00e4c8470ebade673a7305b97c2bea2fd03eae33be418c0fd7e38624e468800680b5817a971d78af875aad5e211f4acb1af972e"
            ]
          ]
        }
      },
      "type": "ADD_OPERATION_ERROR",
      "input": {
        "id": "y3jUFRjh90BmsZ6bWjT15M+X8WQ=",
        "operationId": "z9UQKN1s753NPXQTW3m3GhhxtHQ=",
        "errorName": "InvalidTenetReferencesException"
      },
      "scope": "global",
      "id": "d81becdf-7ab8-4449-83c2-f7694e4ca687",
      "index": 29,
      "timestamp": "2024-12-11T11:19:08.703Z",
      "hash": "In8Hqj5BJ+54SGaB2gEsgHMZr9k=",
      "skip": 0
    },
    {
      "context": {
        "signer": {
          "app": {
            "name": "Connect",
            "key": "did:key:zDnaeqEsC8MYUXmQzTj97rgo9PQzJBjn6qdXPUbuetcRWZUte"
          },
          "user": {
            "address": "0x04fFB597cb8A201D48Df806040f20c81be18aB6e",
            "networkId": "eip155",
            "chainId": 1
          },
          "signatures": [
            [
              "1733915961",
              "did:key:zDnaeqEsC8MYUXmQzTj97rgo9PQzJBjn6qdXPUbuetcRWZUte",
              "/cbYaFwAqFaPdLgHjiLLrHHjATk=",
              "In8Hqj5BJ+54SGaB2gEsgHMZr9k=",
              "0xc21bef49c9f7cf23f4c7962d1d87973cc2830aa699477029b50f6b6b407cbeab95e378413c46d30aef0ca7932ddffcbc4274cc836bf1f3bd2bfcb0251af76596"
            ]
          ]
        }
      },
      "type": "ADD_OPERATION",
      "input": {
        "id": "bAcWQ3s7jbY+LlnjnatjpPyx2fQ=",
        "moduleId": "THXKMH+rMTFVYACP1MCOK1iqnA4=",
        "name": "ADD_SECTION_TO_ARTICLE"
      },
      "scope": "global",
      "id": "9b61c5f2-cdc6-4847-a3d5-7f545ca718d9",
      "index": 30,
      "timestamp": "2024-12-11T11:19:20.621Z",
      "hash": "B1UnwtIysipqcDz+VwwDMQ6k5Go=",
      "skip": 0
    },
    {
      "context": {
        "signer": {
          "app": {
            "name": "Connect",
            "key": "did:key:zDnaeqEsC8MYUXmQzTj97rgo9PQzJBjn6qdXPUbuetcRWZUte"
          },
          "user": {
            "address": "0x04fFB597cb8A201D48Df806040f20c81be18aB6e",
            "networkId": "eip155",
            "chainId": 1
          },
          "signatures": [
            [
              "1733915961",
              "did:key:zDnaeqEsC8MYUXmQzTj97rgo9PQzJBjn6qdXPUbuetcRWZUte",
              "Ec4NpvYyx9+/+XWyEdCSOcNJihs=",
              "B1UnwtIysipqcDz+VwwDMQ6k5Go=",
              "0x41370b44463316d84f861ab407e0960ead05cf7a927f512803221901914b3b6478d0d68235a618a0843588c9c1ebe20875ac19bded8d7790febf9c3b342d67f5"
            ]
          ]
        }
      },
      "type": "SET_OPERATION_SCHEMA",
      "input": {
        "id": "bAcWQ3s7jbY+LlnjnatjpPyx2fQ=",
        "schema": "input AddSectionToArticleInput {\n  \"Add your inputs here\"\n  _placeholder: String\n}"
      },
      "scope": "global",
      "id": "8b13606e-731c-479b-b378-3550f45c3257",
      "index": 43,
      "timestamp": "2024-12-11T11:19:20.643Z",
      "hash": "TBsyvs9Z+A5Nssk1F3DdHAsm94g=",
      "skip": 12
    },
    {
      "context": {
        "signer": {
          "app": {
            "name": "Connect",
            "key": "did:key:zDnaeqEsC8MYUXmQzTj97rgo9PQzJBjn6qdXPUbuetcRWZUte"
          },
          "user": {
            "address": "0x04fFB597cb8A201D48Df806040f20c81be18aB6e",
            "networkId": "eip155",
            "chainId": 1
          },
          "signatures": [
            [
              "1733915965",
              "did:key:zDnaeqEsC8MYUXmQzTj97rgo9PQzJBjn6qdXPUbuetcRWZUte",
              "e1QvgMj/pOIWOTiBk1GMSIL/7DY=",
              "B1UnwtIysipqcDz+VwwDMQ6k5Go=",
              "0x1737dd6e01dcc95d0adfddec79672834660dccc2290f5d4e3aa8e028bfc0a2bc497f72ca08c9ba59089cb54732ec54a9071f3504a0293c716253f8db498f82e2"
            ]
          ]
        }
      },
      "type": "SET_OPERATION_DESCRIPTION",
      "input": {
        "id": "bAcWQ3s7jbY+LlnjnatjpPyx2fQ=",
        "description": "Adds an existing Section to an Article."
      },
      "scope": "global",
      "id": "db08d8b5-152d-41f6-98a2-8c716c7c509e",
      "index": 44,
      "timestamp": "2024-12-11T11:19:24.991Z",
      "hash": "mIJTYt8N/cNdTqlZnERJr6i0DYU=",
      "skip": 0
    },
    {
      "context": {
        "signer": {
          "app": {
            "name": "Connect",
            "key": "did:key:zDnaeqEsC8MYUXmQzTj97rgo9PQzJBjn6qdXPUbuetcRWZUte"
          },
          "user": {
            "address": "0x04fFB597cb8A201D48Df806040f20c81be18aB6e",
            "networkId": "eip155",
            "chainId": 1
          },
          "signatures": [
            [
              "1733915971",
              "did:key:zDnaeqEsC8MYUXmQzTj97rgo9PQzJBjn6qdXPUbuetcRWZUte",
              "5vnwzxODFCs/WuC9EmK1JLkO5GI=",
              "mIJTYt8N/cNdTqlZnERJr6i0DYU=",
              "0xf18b0152c416712cb4cb10758fc6def1db7a8a7c31ce41b6a74173229cffedc562ff778acdbea63b4161a75d97ae6f812826829cbfde70734d99fefd96bc3918"
            ]
          ]
        }
      },
      "type": "SET_OPERATION_SCHEMA",
      "input": {
        "id": "bAcWQ3s7jbY+LlnjnatjpPyx2fQ=",
        "schema": ""
      },
      "scope": "global",
      "id": "6441875f-13ec-41d3-b101-7410d886b85d",
      "index": 45,
      "timestamp": "2024-12-11T11:19:30.799Z",
      "hash": "XihFWZIc+wHGpmur0+WXyfDnIJI=",
      "skip": 0
    },
    {
      "context": {
        "signer": {
          "app": {
            "name": "Connect",
            "key": "did:key:zDnaeqEsC8MYUXmQzTj97rgo9PQzJBjn6qdXPUbuetcRWZUte"
          },
          "user": {
            "address": "0x04fFB597cb8A201D48Df806040f20c81be18aB6e",
            "networkId": "eip155",
            "chainId": 1
          },
          "signatures": [
            [
              "1733915972",
              "did:key:zDnaeqEsC8MYUXmQzTj97rgo9PQzJBjn6qdXPUbuetcRWZUte",
              "0cTx10We0YmLQgHp0YXy5upzUiw=",
              "mIJTYt8N/cNdTqlZnERJr6i0DYU=",
              "0x63b4ab6173852af675989668e9d17b4331455242ccf2fcd110aba8b9ef2cca8ac55221587b49ca350e8c2e2ab6b5d315856154dc7bde494f1cdfc76bc23bd82e"
            ]
          ]
        }
      },
      "type": "SET_OPERATION_SCHEMA",
      "input": {
        "id": "bAcWQ3s7jbY+LlnjnatjpPyx2fQ=",
        "schema": ""
      },
      "scope": "global",
      "id": "6b9d69f7-0057-42b1-b59e-7be3c597c96c",
      "index": 46,
      "timestamp": "2024-12-11T11:19:32.242Z",
      "hash": "XihFWZIc+wHGpmur0+WXyfDnIJI=",
      "skip": 0
    },
    {
      "context": {
        "signer": {
          "app": {
            "name": "Connect",
            "key": "did:key:zDnaeqEsC8MYUXmQzTj97rgo9PQzJBjn6qdXPUbuetcRWZUte"
          },
          "user": {
            "address": "0x04fFB597cb8A201D48Df806040f20c81be18aB6e",
            "networkId": "eip155",
            "chainId": 1
          },
          "signatures": [
            [
              "1733915973",
              "did:key:zDnaeqEsC8MYUXmQzTj97rgo9PQzJBjn6qdXPUbuetcRWZUte",
              "NPZ4Kym862ti9wsyMCv7LVBc+24=",
              "XihFWZIc+wHGpmur0+WXyfDnIJI=",
              "0x2724e75732d43c73a26399bc27d666dc291918d8e1000da1cfb8517c4fce6bc765e503bafbd49428df0ff75324d3be998e4ade4fdb663f9d76a9b91b723b8272"
            ]
          ]
        }
      },
      "type": "SET_OPERATION_SCHEMA",
      "input": {
        "id": "bAcWQ3s7jbY+LlnjnatjpPyx2fQ=",
        "schema": "input AddSectionToArticle {\n  articleId: OID!\n  section: SectionRefInput!\n}\n"
      },
      "scope": "global",
      "id": "c2a45f82-bc70-4325-90df-48a7343ccc42",
      "index": 47,
      "timestamp": "2024-12-11T11:19:32.841Z",
      "hash": "c3ocrz01IYu73KCfOsgWYxlN5Hg=",
      "skip": 0
    },
    {
      "context": {
        "signer": {
          "app": {
            "name": "Connect",
            "key": "did:key:zDnaeqEsC8MYUXmQzTj97rgo9PQzJBjn6qdXPUbuetcRWZUte"
          },
          "user": {
            "address": "0x04fFB597cb8A201D48Df806040f20c81be18aB6e",
            "networkId": "eip155",
            "chainId": 1
          },
          "signatures": []
        }
      },
      "type": "SET_OPERATION_SCHEMA",
      "input": {
        "id": "bAcWQ3s7jbY+LlnjnatjpPyx2fQ=",
        "schema": "input AddSectionToArticle {\n  section: [PHID!]\n}\n"
      },
      "scope": "global",
      "id": "6f41a20a-2b91-4b99-a479-81dc7db39986",
      "index": 48,
      "timestamp": "2024-12-11T11:20:29.084Z",
      "hash": "9uPuwGC6FLaq7f0FcSqWWsoG9XQ=",
      "skip": 0
    },
    {
      "context": {
        "signer": {
          "app": {
            "name": "Connect",
            "key": "did:key:zDnaeqEsC8MYUXmQzTj97rgo9PQzJBjn6qdXPUbuetcRWZUte"
          },
          "user": {
            "address": "0x04fFB597cb8A201D48Df806040f20c81be18aB6e",
            "networkId": "eip155",
            "chainId": 1
          },
          "signatures": []
        }
      },
      "type": "SET_OPERATION_SCHEMA",
      "input": {
        "id": "bAcWQ3s7jbY+LlnjnatjpPyx2fQ=",
        "schema": "input AddSectionToArticle {\n  section: [PHID!]!\n}\n"
      },
      "scope": "global",
      "id": "0f4068d7-373e-4db8-86d8-c95eea4e36b2",
      "index": 49,
      "timestamp": "2024-12-11T11:20:30.347Z",
      "hash": "L5dpMm0vlCfezcodNHH9qVLVj8w=",
      "skip": 0
    },
    {
      "context": {
        "signer": {
          "app": {
            "name": "Connect",
            "key": "did:key:zDnaeqEsC8MYUXmQzTj97rgo9PQzJBjn6qdXPUbuetcRWZUte"
          },
          "user": {
            "address": "0x04fFB597cb8A201D48Df806040f20c81be18aB6e",
            "networkId": "eip155",
            "chainId": 1
          },
          "signatures": []
        }
      },
      "type": "SET_OPERATION_SCHEMA",
      "input": {
        "id": "bAcWQ3s7jbY+LlnjnatjpPyx2fQ=",
        "schema": "input AddSectionToArticleInput {\n  section: [PHID!]!\n}\n"
      },
      "scope": "global",
      "id": "ed8d48b2-c672-4024-a0fa-aa505cdde3f6",
      "index": 50,
      "timestamp": "2024-12-11T11:20:41.175Z",
      "hash": "hQKnCt/qnLk+Mp2yVqsrYAfa6w4=",
      "skip": 0
    },
    {
      "context": {
        "signer": {
          "app": {
            "name": "Connect",
            "key": "did:key:zDnaeqEsC8MYUXmQzTj97rgo9PQzJBjn6qdXPUbuetcRWZUte"
          },
          "user": {
            "address": "0x04fFB597cb8A201D48Df806040f20c81be18aB6e",
            "networkId": "eip155",
            "chainId": 1
          },
          "signatures": []
        }
      },
      "type": "ADD_OPERATION_ERROR",
      "input": {
        "id": "bEWVoEPSgyu8O2Q+qlV6k8FQGBE=",
        "operationId": "bAcWQ3s7jbY+LlnjnatjpPyx2fQ=",
        "errorName": "ArticleNotFoundException"
      },
      "scope": "global",
      "id": "0129fca9-4134-41a0-9809-47e5ea91cb16",
      "index": 51,
      "timestamp": "2024-12-11T11:20:51.010Z",
      "hash": "S4RI7uQLOAv5uAvQVl8YqhZ0id4=",
      "skip": 0
    },
    {
      "context": {
        "signer": {
          "app": {
            "name": "Connect",
            "key": "did:key:zDnaeqEsC8MYUXmQzTj97rgo9PQzJBjn6qdXPUbuetcRWZUte"
          },
          "user": {
            "address": "0x04fFB597cb8A201D48Df806040f20c81be18aB6e",
            "networkId": "eip155",
            "chainId": 1
          },
          "signatures": []
        }
      },
      "type": "ADD_OPERATION_ERROR",
      "input": {
        "id": "pTizRNDu2K1swNNT0S7zk+unHSU=",
        "operationId": "bAcWQ3s7jbY+LlnjnatjpPyx2fQ=",
        "errorName": "SectionNotFoundException"
      },
      "scope": "global",
      "id": "794a25db-2f1b-4b42-8d94-1af5893a5e27",
      "index": 52,
      "timestamp": "2024-12-11T11:20:54.711Z",
      "hash": "kOv48xMpkuAXBxXJ7kuGugKS5e8=",
      "skip": 0
    },
    {
      "context": {
        "signer": {
          "app": {
            "name": "Connect",
            "key": "did:key:zDnaeqEsC8MYUXmQzTj97rgo9PQzJBjn6qdXPUbuetcRWZUte"
          },
          "user": {
            "address": "0x04fFB597cb8A201D48Df806040f20c81be18aB6e",
            "networkId": "eip155",
            "chainId": 1
          },
          "signatures": []
        }
      },
      "type": "ADD_OPERATION_ERROR",
      "input": {
        "id": "vVKgEjfpG1NDAvangI4dk3jx7aA=",
        "operationId": "bAcWQ3s7jbY+LlnjnatjpPyx2fQ=",
        "errorName": "SectionAlreadyAssociatedException"
      },
      "scope": "global",
      "id": "95c45919-459c-4964-8439-8454c6005df4",
      "index": 53,
      "timestamp": "2024-12-11T11:20:58.713Z",
      "hash": "iqo8icQ4e7MghPgkpDyaIHsx1oo=",
      "skip": 0
    },
    {
      "context": {
        "signer": {
          "app": {
            "name": "Connect",
            "key": "did:key:zDnaeqEsC8MYUXmQzTj97rgo9PQzJBjn6qdXPUbuetcRWZUte"
          },
          "user": {
            "address": "0x04fFB597cb8A201D48Df806040f20c81be18aB6e",
            "networkId": "eip155",
            "chainId": 1
          },
          "signatures": []
        }
      },
      "type": "DELETE_OPERATION",
      "input": {
        "id": "bAcWQ3s7jbY+LlnjnatjpPyx2fQ="
      },
      "scope": "global",
      "id": "c80627e2-004f-4e74-bf26-2b63e4d1f824",
      "index": 54,
      "timestamp": "2024-12-11T13:07:17.376Z",
      "hash": "In8Hqj5BJ+54SGaB2gEsgHMZr9k=",
      "skip": 0
    },
    {
      "context": {
        "signer": {
          "app": {
            "name": "Connect",
            "key": "did:key:zDnaeqEsC8MYUXmQzTj97rgo9PQzJBjn6qdXPUbuetcRWZUte"
          },
          "user": {
            "address": "0x04fFB597cb8A201D48Df806040f20c81be18aB6e",
            "networkId": "eip155",
            "chainId": 1
          },
          "signatures": []
        }
      },
      "type": "SET_OPERATION_SCHEMA",
      "input": {
        "id": "z9UQKN1s753NPXQTW3m3GhhxtHQ=",
        "schema": "input UpdateArticleInput {\n  id: OID!\n  name: String\n  docNo: String\n  content: String\n  masterStatus: [Status!]!\n  globalTags: [String]\n  originalContextData: [PHID!]!\n  provenance: URL\n}"
      },
      "scope": "global",
      "id": "749dfe6c-6718-4cb9-b480-12af76b2a8d0",
      "index": 55,
      "timestamp": "2024-12-11T13:07:54.907Z",
      "hash": "wKrUK7LGm2wzn6cNqQYqQrmOJeM=",
      "skip": 0
    },
    {
      "context": {
        "signer": {
          "app": {
            "name": "Connect",
            "key": "did:key:zDnaeqEsC8MYUXmQzTj97rgo9PQzJBjn6qdXPUbuetcRWZUte"
          },
          "user": {
            "address": "0x04fFB597cb8A201D48Df806040f20c81be18aB6e",
            "networkId": "eip155",
            "chainId": 1
          },
          "signatures": []
        }
      },
      "type": "SET_MODEL_ID",
      "input": {
        "id": "powerhouse/atlasarticle"
      },
      "scope": "global",
      "id": "d21c9d87-2327-43ff-9bdc-2db235ecf4e7",
      "index": 56,
      "timestamp": "2024-12-11T13:08:01.365Z",
      "hash": "XzB77d0Ben/ddGM1Gigi3SvFYgU=",
      "skip": 0
    }
  ],
  "local": []
}